{
  "pointwise": {
    "precision": 0.007192766132345418,
    "recall": 0.9999999999714286,
    "f1": 0.014282799414501392,
    "tp": 35.0,
    "fp": 4831.0,
    "fn": 0.0
  },
  "event_level": {
    "precision": 0.3333333332222222,
    "recall": 0.9999999998,
    "f1": 0.49999999947499996,
    "tp": 1,
    "fp": 2,
    "fn": 0,
    "n_true_events": 5,
    "n_pred_events": 3
  },
  "best_k": 5.0
}