{
  "event_level": {
    "precision": 0.9999999989999999,
    "recall": 0.9999999998,
    "f1": 0.9999999988999999,
    "tp": 1,
    "fp": 0,
    "fn": 0,
    "n_true_events": 5,
    "n_pred_events": 1
  },
  "best_k": 4.0
}