{
  "event_level": {
    "precision": 0.027777777777006175,
    "recall": 0.19999999996,
    "f1": 0.04878048758834028,
    "tp": 1,
    "fp": 35,
    "fn": 4,
    "n_true_events": 5,
    "n_pred_events": 36
  },
  "best_k": 4.0
}