{
  "pointwise": {
    "precision": 0.011779041429727142,
    "recall": 0.8285714285477552,
    "f1": 0.023227873420478464,
    "tp": 29.0,
    "fp": 2433.0,
    "fn": 6.0
  },
  "event_level": {
    "precision": 0.024999999999875,
    "recall": 0.9999999998,
    "f1": 0.04878048775681142,
    "tp": 5,
    "fp": 195,
    "fn": 0,
    "n_true_events": 5,
    "n_pred_events": 200
  }
}