{
  "pointwise": {
    "precision": 0.352941176449827,
    "recall": 0.1714285714236735,
    "f1": 0.2307692303202663,
    "tp": 6.0,
    "fp": 11.0,
    "fn": 29.0
  },
  "event_level": {
    "precision": 0.6666666664444444,
    "recall": 0.39999999992,
    "f1": 0.49999999940624995,
    "tp": 2,
    "fp": 1,
    "fn": 3,
    "n_true_events": 5,
    "n_pred_events": 3
  },
  "best_k": 5.0
}