{
  "event_level": {
    "precision": 0.03508771929763004,
    "recall": 0.39999999992,
    "f1": 0.06451612888189386,
    "tp": 2,
    "fp": 55,
    "fn": 3,
    "n_true_events": 5,
    "n_pred_events": 57
  },
  "k_bsts": 10.0,
  "k_gp": 3.0
}